,m_cat,strength_num,bc_cat,class_cat,product-type_cat,jurofm_cat,enamelability_cat,len_num,bw%2Fme_cat,s_cat,bore_cat,ferro_cat,marvi_cat,surface-quality_cat,bt_cat,family_cat,lustre_cat,oil_cat,exptl_cat,shape_cat
0,,0.0,,3,C,,,0.0,,,0,,,G,,,,,,COIL
1,,0.0,,3,C,,,0.0,,,0,,,E,,,Y,,,COIL
2,,0.0,,3,C,,,762.0,B,,0,,,E,,,,,,SHEET
3,,0.0,,3,C,,,0.0,M,,0,,,G,,,,,,COIL
4,,0.0,,3,C,,,269.0,B,,0,,,G,,,,,,SHEET
5,,0.0,,3,C,,,0.0,,,0,,,D,,,,,,COIL
6,,0.0,,3,C,,,4880.0,,,0,,,E,,,,Y,,SHEET
7,,0.0,,3,C,,,0.0,,,0,,,E,,,Y,,,COIL
8,,0.0,,3,C,,,0.0,,,0,,,E,,,Y,,,COIL
9,,0.0,,3,C,,,762.0,,,0,,,E,,,,,,SHEET
10,,0.0,,3,C,,,0.0,,,0,,,E,,,,,,COIL
11,,0.0,,3,C,,,4880.0,,,0,,,E,,,,Y,,SHEET
12,,0.0,,3,C,,,150.0,B,,0,,,E,,,,,,SHEET
13,,0.0,,3,C,,,0.0,,,0,,,D,,,,,,COIL
14,,0.0,,3,C,,,761.0,,,0,,,F,,,,,,SHEET
15,,0.0,,3,C,,,762.0,,,0,,,E,,,,,,SHEET
16,,0.0,,U,C,,,0.0,,,0,,,E,,,,,,COIL
17,,0.0,,U,C,,,4170.0,,,0,,,G,,,,Y,,SHEET
18,,0.0,,3,C,,,762.0,,,0,,,E,,,,,,SHEET
19,,0.0,,3,C,,,0.0,,,0,,,G,,,,,,COIL
20,,0.0,,3,C,,,761.0,,,0,,,F,,,,,,SHEET
21,,0.0,,3,C,,,0.0,,,0,,,,,,,,,COIL
22,,0.0,,U,C,,,0.0,,,0,,,G,,,,,,COIL
23,,0.0,,3,C,,,0.0,,,0,,,,,,,,,COIL
24,,0.0,,1,C,,,0.0,,,0,,,,,,,,,COIL
25,,0.0,,3,C,,,0.0,,,0,,,G,Y,,,,,COIL
26,,0.0,,3,C,,,4880.0,B,,0,,,G,,,,,,SHEET
27,,0.0,,3,C,,,4170.0,,,0,,,E,,,,,,SHEET
28,,0.0,,3,C,,,0.0,,,0,,,,,,,,,COIL
29,,310.0,,3,C,,,0.0,,,500,,,G,,,,,,COIL
30,,0.0,,5,C,,,4880.0,B,,0,Y,,,,TN,,,,SHEET
31,,0.0,,3,C,,,4170.0,,,0,,,E,,,,,,SHEET
32,,0.0,,3,C,,,762.0,B,,0,,,D,,,,,,SHEET
33,,0.0,,U,C,,,0.0,,,0,,,G,,,,,,COIL
34,,0.0,,3,C,,,4880.0,,,0,,,F,,,,,,SHEET
35,,0.0,,5,C,,,0.0,B,,0,,,,,TN,,,,COIL
36,,350.0,,3,C,,,0.0,,,0,,,G,Y,,,,,COIL
37,,0.0,,3,C,,,0.0,,,0,,,G,Y,,,,,COIL
38,,0.0,,3,C,,,0.0,,,0,,,E,,,,,,COIL
39,,0.0,,3,C,,,4880.0,,,0,,,E,,,,,,SHEET
40,,0.0,,3,C,,,0.0,,,0,,,E,,ZS,,,,COIL
41,,0.0,,3,C,,,4880.0,,,0,,,E,,,,Y,,SHEET
42,,0.0,,3,C,,,0.0,,,0,,,E,,ZS,,,,COIL
43,,0.0,,3,C,,,762.0,,,0,,,E,,,,,,SHEET
44,,0.0,,5,C,,,0.0,,,0,Y,,,,TN,,,,COIL
45,,0.0,,3,C,,,301.0,,,0,,,F,,,,,,SHEET
46,,0.0,,3,C,,,4880.0,,,0,,,E,,,,,,SHEET
47,,0.0,,3,C,,,4880.0,,,0,,,D,,,,,,SHEET
48,,310.0,,3,C,,,0.0,B,,500,,,G,,,,,,COIL
49,,0.0,,3,C,,,4880.0,,,0,,,G,,,,N,,SHEET
50,,0.0,,3,C,,,762.0,B,,0,,,E,,,,,,SHEET
51,,0.0,,3,C,,,761.0,,,0,,,G,,,,,,SHEET
52,,0.0,,3,C,,,762.0,B,,0,,,E,,,,,,SHEET
53,,0.0,,3,C,,,4880.0,,,0,,,D,,,,,,SHEET
54,,0.0,,3,C,,,0.0,,,0,,,E,Y,,,,,COIL
55,,0.0,,3,C,,,4880.0,,,0,,,E,,,,,,SHEET
56,,0.0,,3,C,,,762.0,,,0,,,G,,,,Y,,SHEET
57,,500.0,,3,C,,,0.0,,,0,,,G,,,,,,COIL
58,,0.0,,3,C,,,762.0,,,0,,,G,Y,,,,,SHEET
59,,0.0,,3,C,,,762.0,,,0,,,E,,ZS,,,,SHEET
60,,0.0,,3,C,,,4880.0,,,0,,,E,,ZS,,,,SHEET
61,,0.0,,3,C,,,762.0,B,,0,,,F,,,,,,SHEET
62,,0.0,,3,C,,,0.0,,,0,,,D,,,,,,COIL
63,,0.0,,U,C,,,762.0,,,0,,,E,Y,ZS,,,,SHEET
64,,0.0,,3,C,,,762.0,B,,0,,,E,,,,,,SHEET
65,,0.0,,3,C,,,610.0,B,,0,,,G,,,,Y,,SHEET
66,,0.0,,5,C,,,611.0,,,0,,,,,TN,,,,SHEET
67,,0.0,,2,C,,,762.0,,,0,,,,,,,,,SHEET
68,,0.0,,3,C,,,0.0,,,0,,,E,,,,,,COIL
69,,0.0,,5,C,,,0.0,,,0,,,,,TN,,,,COIL
70,,0.0,,3,C,,,0.0,,,600,,,G,,,,,,COIL
71,,0.0,,3,C,,,0.0,M,,600,,,E,Y,,,,,COIL
72,,0.0,,3,C,,,762.0,,,0,,,G,,,,Y,,SHEET
73,,0.0,,3,C,,,0.0,B,,0,,,E,,,,,,COIL
74,,0.0,,3,C,,,0.0,,,0,,,G,,,,,,COIL
75,,0.0,,3,C,,,612.0,,,0,,,E,,,,,,SHEET
76,,500.0,,2,C,,,4880.0,,,0,,,,,,,,,SHEET
77,,0.0,,3,C,,,0.0,,,0,,,G,,,,,,COIL
78,,0.0,,3,C,,,0.0,,,0,,,E,,ZS,,,,COIL
79,,0.0,,3,C,,,4880.0,,,0,,,E,,,,,,SHEET
80,,0.0,,3,C,,,0.0,,,0,,,E,,,,,,COIL
81,,0.0,,3,C,,,762.0,,,0,,,F,,,,,,SHEET
82,,0.0,,2,C,,2,1.0,,,0,,,,,,,,,SHEET
83,,0.0,,3,C,,,0.0,,,0,,,G,,,,,,COIL
84,,0.0,,3,C,,,4880.0,,,0,,,E,,ZS,,,,SHEET
85,,0.0,,3,C,,,0.0,M,,600,,,,Y,,,,,COIL
86,,0.0,,2,C,,,4880.0,B,,0,,,,,,,,,SHEET
87,,0.0,,3,C,,,0.0,,,0,,,E,,,,,,COIL
88,,600.0,,2,C,,,0.0,,,0,,,G,Y,,,,,COIL
89,,0.0,,5,C,,,0.0,,,0,,,,,TN,,,,COIL
90,,0.0,,U,C,,,0.0,,,0,,,E,,,,,,COIL
91,,0.0,,3,C,,,762.0,,,0,,,G,,,,Y,,SHEET
92,,0.0,,3,C,,,4880.0,,,0,,,E,,,,,,SHEET
93,,0.0,,3,C,,,4880.0,,,0,,,E,,,,,,SHEET
94,,0.0,,3,C,,,0.0,M,,0,,,,Y,,Y,,,COIL
95,,0.0,,3,C,,,4880.0,,,0,,,D,,,,,,SHEET
96,,0.0,,2,C,,,762.0,B,,0,,,,,,,,,SHEET
97,,0.0,,5,C,,,761.0,,,0,Y,,,,TN,,,,SHEET
98,,0.0,,5,C,,,0.0,B,,0,,,,,TN,,,,COIL
99,,0.0,,2,C,,,4880.0,,,0,,,,,,,,,SHEET
100,,0.0,,2,C,,,612.0,B,,0,,,,,,,,,SHEET
101,,500.0,,3,C,,,4880.0,,,0,,,,,,,,,SHEET
102,,0.0,,3,C,,,762.0,,,0,,,F,,,,,,SHEET
103,,0.0,,3,C,,,761.0,B,,0,,,F,,,,,,SHEET
104,,0.0,,3,C,,,0.0,,,0,,,,,,,,,COIL
105,,0.0,,3,C,,,762.0,,,0,,,D,,,,,,SHEET
106,,0.0,,3,C,,,0.0,B,,0,,,D,,,,,,COIL
107,,0.0,,5,C,,,4880.0,,,0,,,,,TN,,,,SHEET
108,,0.0,,3,C,,,4880.0,B,,0,,,E,,,,,,SHEET
109,,0.0,,3,C,,,762.0,B,,0,,,E,,,,,,SHEET
110,,0.0,,3,C,,,0.0,,,0,,,,,,,,,COIL
111,,0.0,,3,C,,,0.0,B,,0,,,G,,,,,,COIL
112,,0.0,,5,C,,,761.0,,,0,,,,,TN,,,,SHEET
113,,0.0,,3,C,,,4880.0,,,0,,,E,,,,Y,,SHEET
114,,500.0,,3,C,,,762.0,,,0,,,,,,,,,SHEET
115,,600.0,,2,C,,,0.0,,,0,,,G,,,,,,COIL
116,,0.0,,U,C,,,0.0,,,0,,,G,,,,Y,,COIL
117,,0.0,,3,C,,,4880.0,,,0,,,D,,,,,,SHEET
118,,0.0,,3,C,,,0.0,,,0,,,G,,ZS,,,,COIL
119,,400.0,,1,C,,,0.0,,,0,,,,,,,,,COIL
120,,0.0,,3,C,,,4880.0,,,0,,,E,,,,Y,,SHEET
121,,0.0,,3,C,,,4880.0,,,0,,,G,Y,,,,,SHEET
122,,0.0,,3,C,,,0.0,B,,0,,,D,,,,,,COIL
123,,0.0,,3,C,,,0.0,,,0,,,G,,,,,,COIL
124,,0.0,,3,C,,,0.0,,,0,,,G,,,Y,,,COIL
125,,0.0,,5,C,,,0.0,,,0,Y,,,,TN,,,,COIL
126,,310.0,,3,C,,,0.0,,,0,,,G,,,,,,COIL
127,,0.0,,5,C,,,4880.0,,,0,,,,,TN,,,,SHEET
128,,0.0,,2,C,,,0.0,,,0,,,,,,,,,COIL
129,,0.0,,2,C,,,4170.0,B,,0,,,,,,,,,SHEET
130,,0.0,,3,C,,,0.0,,,0,,,E,,,,,,COIL
131,,0.0,,3,C,,,0.0,,,0,,,,,,,,,COIL
132,,0.0,,2,C,,,762.0,B,,0,,,,,,,,,SHEET
133,,0.0,,2,C,,2,0.0,,,0,,,,,,,,,COIL
134,,0.0,,3,C,,,0.0,,,0,,,,Y,,,,,COIL
135,,0.0,,2,C,,,612.0,,,0,,,,,,,,,SHEET
136,,0.0,,3,C,,,0.0,M,,600,,,E,,,,,,COIL
137,,0.0,,3,C,,,0.0,,,0,,,G,Y,,,,,COIL
138,,0.0,,5,C,,,0.0,,,0,,,,,TN,,,,COIL
139,,310.0,,3,C,,,4880.0,,,0,,,G,,,,,,SHEET
140,,0.0,,3,C,,,0.0,,,0,,,G,,,Y,,,COIL
141,,0.0,,3,C,,,760.0,,,0,,,D,,,,N,,SHEET
142,,0.0,,3,C,,,0.0,,,0,,,G,,,,,,COIL
143,,0.0,,3,C,,,0.0,B,,0,,,E,,,,,,COIL
144,,0.0,,3,C,,,0.0,,,0,,,G,,,,,,COIL
145,,0.0,,3,C,,,0.0,,,0,,,E,,ZS,,,,COIL
146,,0.0,,2,C,,,881.0,,,0,,,,,,,,,SHEET
147,,350.0,,3,C,,,0.0,,,0,,,G,Y,,,,,COIL
148,,0.0,,2,C,,2,0.0,,,0,,,,,,,,,COIL
149,,0.0,,3,C,,,762.0,B,,0,,,F,,,,,,SHEET
150,,0.0,,3,C,,,0.0,,,0,,,G,,,,,,COIL
151,,0.0,,3,C,,,0.0,,,0,,,E,,ZS,,,,COIL
152,,500.0,,3,C,,,0.0,,,0,,,,Y,,,,,COIL
153,,0.0,,3,C,,,4880.0,,,0,,,E,,,,,,SHEET
154,,0.0,,3,C,,,1000.0,B,,0,,,E,,,,,,SHEET
155,,0.0,,3,C,,,4880.0,B,,0,,,G,,,,,,SHEET
156,,0.0,,3,C,,,0.0,,,0,,,D,,,,N,,COIL
157,,0.0,,U,C,,,0.0,M,,600,,,G,,,Y,,,COIL
158,,0.0,,5,C,,,4880.0,B,,0,Y,,,,TN,,,,SHEET
159,,0.0,,3,C,,,0.0,,,0,,,E,,ZS,,,,COIL
160,,0.0,,5,C,,,0.0,,,0,,,,,TN,,,,COIL
161,,0.0,,3,C,,,0.0,B,,0,,,E,,,,,,COIL
162,,0.0,,3,C,,,0.0,,,0,,,E,,,Y,,,COIL
163,,0.0,,3,C,,,0.0,B,,0,,,G,,,,,,COIL
164,,0.0,,3,C,,,0.0,B,,0,,,F,,,,,,SHEET
165,,0.0,,3,C,,,1000.0,B,,0,,,E,,,,,,SHEET
166,,0.0,,3,C,,,0.0,,,0,,,E,,,,,,COIL
167,,0.0,,3,C,,,0.0,,,0,,,E,Y,,,,,COIL
168,,0.0,,3,C,,,612.0,,,0,,,E,,,,,,SHEET
169,,0.0,,5,C,,,0.0,,,0,,,,,TN,,,,COIL
170,,0.0,,3,C,,,0.0,,,0,,,,,,,,,COIL
171,,0.0,,3,C,,,0.0,,,0,,,E,,,,,,COIL
172,,0.0,,5,C,,,4880.0,,,0,,,,,TN,,,,SHEET
173,,0.0,,3,C,,,762.0,,,0,,,F,,,,,,SHEET
174,,0.0,,2,C,,,0.0,,,0,,,,,,,,,COIL
175,,0.0,,3,C,,,4170.0,,,0,,,G,,,,,,SHEET
176,,0.0,,3,C,,,4880.0,,,0,,,E,,ZS,,N,,SHEET
177,,310.0,,3,C,,,0.0,,,600,,,G,,,,,,COIL
178,,0.0,,3,C,,,0.0,,,0,,,E,,,,,,COIL
179,,0.0,,2,C,,2,1.0,,,0,,,,,,,,,SHEET
180,,0.0,,U,C,,,0.0,,,0,,,G,,,,,,COIL
181,,0.0,,5,C,,,0.0,,,0,Y,,,,TN,,,,COIL
182,,0.0,,3,C,,,4880.0,,,0,,,E,,,,Y,,SHEET
183,,0.0,,3,C,,,4880.0,B,,0,,,E,,,,,,SHEET
184,,0.0,,3,C,,,4880.0,,,0,,,E,,,,,,SHEET
185,,0.0,,3,C,,,0.0,,,0,,,E,,,Y,,,COIL
186,,0.0,,3,C,,,4880.0,,,0,,,G,,,,Y,,SHEET
187,,0.0,,3,C,,,762.0,B,,0,,,F,,,,,,SHEET
188,,300.0,,1,C,,,0.0,,,0,,,,,ZS,,,Y,COIL
189,,0.0,,U,C,,,0.0,M,,600,,,G,,,,,,COIL
190,,0.0,,3,C,,,0.0,M,,0,,,,Y,,,,,COIL
191,,0.0,,5,C,,,612.0,,,0,,,,,TN,,,,SHEET
192,,0.0,,3,C,,,4880.0,,,0,,,F,,,,,,SHEET
193,,0.0,,3,C,,,0.0,,,0,,,E,,,,,,COIL
194,,0.0,,3,C,,,0.0,,,0,,,E,,,Y,,,COIL
195,,0.0,,3,C,,,0.0,,,0,,,G,,,,,,COIL
196,,0.0,,3,C,,,4880.0,,,0,,,E,,,,Y,,SHEET
197,,0.0,,3,C,,,4880.0,B,,0,,,F,,,,,,SHEET
198,,0.0,,3,C,,,4880.0,,,0,,,F,,,,,,SHEET
199,,0.0,,3,C,,,762.0,B,,0,,,D,,,,,,SHEET
200,,0.0,,3,C,,,0.0,,,0,,,E,,,,,,COIL
201,,0.0,,3,C,,,762.0,,,0,,,E,,,,,,SHEET
202,,0.0,,3,C,,,0.0,,,0,,,E,,ZS,,,,COIL
203,,0.0,,3,C,,,0.0,,,0,,,E,,,,,,COIL
204,,0.0,,3,C,,,762.0,,,0,,,E,,,,Y,,SHEET
205,,0.0,,3,C,,,762.0,,,0,,,E,,,,N,,SHEET
206,,0.0,,3,C,,,0.0,,,0,,,E,,,,,,COIL
207,,0.0,,3,C,,,4880.0,B,,0,,,E,,,,,,SHEET
208,,0.0,,3,C,,,4880.0,B,,0,,,F,,,,,,SHEET
209,,0.0,,3,C,,,4880.0,,,0,,,F,,,,,,SHEET
210,,0.0,,3,C,,,4880.0,M,,0,,,,,,,,,SHEET
211,,0.0,,3,C,,,4880.0,,,0,,,E,,,,,,SHEET
212,,0.0,,3,C,,,0.0,,,0,,,G,,,,,,COIL
213,,0.0,,3,C,,,0.0,,,0,,,,,,,,,COIL
214,,0.0,,3,C,,,0.0,,,0,,,D,,,,,,COIL
215,,0.0,,3,C,,,0.0,,,0,,,E,,,,,,COIL
216,,0.0,,3,C,,,762.0,,,0,,,D,,,,,,SHEET
217,,0.0,,3,C,,,0.0,M,,500,,,,,,Y,,,COIL
218,,0.0,,2,C,,,762.0,,,0,,,,Y,,,,,SHEET
219,,0.0,,3,C,,,4880.0,,,0,,,G,,,,Y,,SHEET
220,,0.0,,3,C,,,0.0,,,0,,,G,Y,,,,,COIL
221,,0.0,,3,C,,,762.0,,,0,,,E,,,,,,SHEET
222,,600.0,,2,C,,,0.0,,,0,,,G,Y,,,,,COIL
223,,0.0,,3,C,,,4880.0,,,0,,,F,,,,,,SHEET
224,,600.0,,2,C,,,1220.0,,,0,,,G,Y,,,,,SHEET
225,,0.0,,3,C,,,762.0,,,0,,,E,Y,,,,,SHEET
226,,350.0,,3,C,,,0.0,,,0,,,G,,,,,,COIL
227,,0.0,,2,C,,,761.0,,,0,,,,,,,,,SHEET
228,,0.0,,3,C,,,0.0,,,0,,,E,,,,N,,COIL
229,,0.0,,3,C,,,0.0,,,0,,,E,,,,,,COIL
230,,0.0,,3,C,,,0.0,,,0,,,E,Y,,,,,COIL
231,,0.0,,3,C,,,761.0,,,0,,,D,,,,,,SHEET
232,,0.0,,3,C,,,400.0,,,0,,,F,,,,,,SHEET
233,,0.0,,3,C,,,612.0,,,0,,,D,,,,,,SHEET
234,,0.0,,5,C,,,612.0,,,0,,,,,TN,,,,SHEET
235,,0.0,,3,C,,,0.0,B,,0,,,D,,,,,,COIL
236,,0.0,,3,C,,,0.0,M,,500,,,,,,,,,COIL
237,,0.0,,3,C,,,762.0,B,,0,,,F,,,,,,SHEET
238,,0.0,,5,C,,,0.0,,,0,Y,,,,TN,,,,COIL
239,,0.0,,3,C,,,0.0,,,0,,,E,,,,,,COIL
240,,0.0,,3,C,,,762.0,,,0,,,E,,,,,,SHEET
241,,0.0,,3,C,,,762.0,,,0,,,E,,,,,,SHEET
242,,0.0,,3,C,,,0.0,,,0,,,E,,,,,,COIL
243,,0.0,,3,C,,,0.0,,,600,,,G,,,,,,COIL
244,,0.0,,3,C,,1,0.0,,,0,,,,,,,,,COIL
245,,0.0,,3,C,,,0.0,,,0,,,E,,,,,,COIL
246,,0.0,,2,C,,,762.0,,,0,,,,,,,,,SHEET
247,,0.0,,3,C,,,0.0,,,0,,,E,,,,,,COIL
248,,0.0,,3,C,,,762.0,B,,0,,,G,,,,,,SHEET
249,,0.0,,3,C,,,0.0,,,0,,,E,,ZS,,,,COIL
250,,0.0,,3,C,,,762.0,,,0,,,E,,,,,,SHEET
251,,0.0,,3,C,,,762.0,,,0,,,E,,ZS,,,,SHEET
252,,0.0,,3,C,,,0.0,,,0,,,G,,,,,,COIL
253,,0.0,,3,C,,,4880.0,,,0,,,,,,,,,SHEET
254,,0.0,,3,C,,,0.0,,,0,,,E,,ZS,,,,COIL
255,,0.0,,3,C,,,0.0,,,0,,,,,,Y,,,COIL
256,,0.0,,3,C,,,762.0,,,0,,,,,,,,,SHEET
257,,0.0,,5,C,,,0.0,,,0,Y,,,,TN,,,,COIL
258,,0.0,,5,C,,,0.0,,,0,,,,,TN,,,,COIL
259,,310.0,,3,C,,,762.0,,,0,,,G,,,,,,SHEET
260,,0.0,,3,C,,,270.0,B,,0,,,G,,,,,,SHEET
261,,0.0,,2,C,,,4170.0,,,0,,,,,,,,,SHEET
262,,0.0,,2,C,,,4880.0,B,,0,,,,,,,,,SHEET
263,,0.0,,3,C,,,0.0,,,0,,,E,,,,,,COIL
264,,0.0,,3,C,,,0.0,,,0,,,G,,,Y,,,COIL
265,,0.0,,5,C,,,0.0,,,0,,,,,TN,,,,COIL
266,,0.0,,3,C,,,4880.0,,,0,,,F,,,,,,SHEET
267,,0.0,,U,C,,,762.0,,,0,,,G,,,,,,SHEET
268,,0.0,,3,C,,,0.0,,,0,,,G,,,Y,,,COIL
269,,0.0,,3,C,,,762.0,,,0,,,E,,,,,,SHEET
270,,0.0,,3,C,,,0.0,,,0,,,E,,,,,,COIL
271,,0.0,,3,C,,,0.0,,,0,,,E,,,,,,COIL
272,,0.0,,3,C,,,0.0,,,0,,,E,,,,,,COIL
273,,0.0,,3,C,,,4880.0,,,0,,,E,,,,,,SHEET
274,,0.0,,3,C,,,762.0,,,0,,,F,,,,,,SHEET
275,,0.0,,5,C,,,0.0,,,0,,,,,TN,,,,COIL
276,,0.0,,U,C,,,0.0,,,0,,,G,,,,Y,,COIL
277,,0.0,,2,C,,,762.0,,,0,,,,,,,,,SHEET
278,,400.0,,1,C,,,0.0,,,0,,,,,,,,,COIL
279,,0.0,,3,C,,,4170.0,B,,0,,,F,,,,,,SHEET
280,,0.0,,3,C,,,761.0,B,,0,,,F,,,,,,SHEET
281,,0.0,,2,C,,,4880.0,B,,0,,,,,,,,,SHEET
282,,0.0,,3,C,,,762.0,,,0,,,E,,,,,,SHEET
283,,600.0,,2,C,,,1220.0,,,0,,,G,,,,,,SHEET
284,,0.0,,3,C,,,4880.0,,,0,,,E,,,,,,SHEET
285,,0.0,,3,C,,,4880.0,,,0,,,E,,,,,,SHEET
286,,0.0,,3,C,,,762.0,B,,0,,,G,,,,,,SHEET
287,,0.0,,3,C,,,0.0,,,0,,,,,,,,,COIL
288,,400.0,,1,C,,,0.0,,,0,,,,,,,,,COIL
289,,0.0,,3,C,,,762.0,,,0,,,,,,,,,SHEET
290,,0.0,,3,C,,,0.0,,,600,,,G,,,,,,COIL
291,,0.0,,2,C,,,4880.0,,,0,,,,,,,,,SHEET
292,,0.0,,3,C,,,762.0,,,0,,,E,,,,,,SHEET
293,,0.0,,3,C,,,0.0,,,0,,,G,,,Y,,,COIL
294,,0.0,,3,C,,,4880.0,,,0,,,E,,,,Y,,SHEET
295,,0.0,,3,C,,,0.0,,,0,,,G,Y,,,,,COIL
296,,500.0,,2,C,,,762.0,,,0,,,,,,,,,SHEET
297,,0.0,,5,C,,,3000.0,,,0,Y,,,,TN,,,,SHEET
298,,0.0,,3,C,,,0.0,,,0,,,G,,,,,,COIL
299,,0.0,,3,C,,,4880.0,,,0,,,E,,,Y,,,SHEET
300,,0.0,,3,C,,,0.0,,,0,,,E,,,,,,COIL
301,,0.0,,3,C,,,762.0,,,0,,,E,,,,,,SHEET
302,,0.0,,2,C,,,612.0,,,0,,,,,,,,,SHEET
303,,0.0,,2,C,,,4170.0,,,0,,,,,,,,,SHEET
304,,0.0,,3,C,,,762.0,B,,0,,,D,,,,,,SHEET
305,,0.0,,3,C,,,0.0,,,0,,,E,,,Y,,,COIL
306,,0.0,,3,C,,,4880.0,,,0,,,F,,,,,,SHEET
307,,0.0,,3,C,,,762.0,,,0,,,E,,,,,,SHEET
308,,500.0,,3,C,,,0.0,,,0,,,,,,,,,COIL
309,,0.0,,2,C,,,4880.0,B,,0,,,,,,,,,SHEET
310,,0.0,,3,C,,,0.0,,,0,,,,,,,,,COIL
311,,0.0,,3,C,,,0.0,B,,0,,,E,,,,,,COIL
312,,0.0,,3,C,,,762.0,,,0,,,E,,,,,,SHEET
313,,0.0,,3,C,,,0.0,M,,0,,,,Y,,Y,,,COIL
314,,0.0,,3,C,,1,4880.0,,,0,,,,,,,,,SHEET
315,,0.0,,3,C,,,0.0,,,0,,,G,,,,,,COIL
316,,0.0,,3,C,,,0.0,B,,0,,,E,,,,,,COIL
317,,0.0,,3,C,,,0.0,,,0,,,E,,,,,,COIL
318,,0.0,,2,C,,,4880.0,,,0,,,,,,,,,SHEET
319,,0.0,,3,C,,1,762.0,,,0,,,,,,,,,SHEET
320,,0.0,,3,C,,,4880.0,,,0,,,E,,,,,,SHEET
321,,0.0,,3,C,,,762.0,,,0,,,E,,,,N,,SHEET
322,,0.0,,3,C,,,0.0,,,0,,,G,,,,,,COIL
323,,0.0,,5,C,,,761.0,,,0,,,,,TN,,,,SHEET
324,,0.0,,3,C,,,0.0,,,0,,,E,,,,,,COIL
325,,0.0,,3,C,,,0.0,M,,600,,,,Y,,,,,COIL
326,,0.0,,3,C,,,4880.0,,,0,,,F,,,,,,SHEET
327,,0.0,,3,C,,,4880.0,B,,0,,,F,,,,,,SHEET
328,,0.0,,3,C,,,0.0,M,,600,,,E,,,,,,COIL
329,,0.0,,3,C,,,762.0,B,,0,,,E,,,,,,SHEET
330,,0.0,,U,C,,,762.0,,,0,,,E,Y,ZS,,,,SHEET
331,,350.0,,3,C,,,0.0,,,0,,,G,,,,,,COIL
332,,0.0,,3,C,,,300.0,B,,0,,,D,,,,,,SHEET
333,,0.0,,3,C,,,0.0,,,0,,,E,,ZS,,,,COIL
334,,0.0,,3,C,,,762.0,B,,0,,,E,,,,,,SHEET
335,,0.0,,U,C,,,4880.0,,,0,,,G,,,,,,SHEET
336,,0.0,,5,C,,,761.0,,,0,,,,,TN,,,,SHEET
337,,0.0,,3,C,,,0.0,B,,0,,,G,,,,,,COIL
338,,0.0,,3,C,,,762.0,B,,0,,,D,,,,,,SHEET
339,,0.0,,3,C,,,0.0,,,0,,,,,,,,,COIL
340,,0.0,,3,C,,,4880.0,B,,0,,,G,,,,,,SHEET
341,,400.0,,1,C,,,0.0,,,0,,,,,,,,,COIL
342,,0.0,,3,C,,,0.0,,,0,,,E,Y,,,,,COIL
343,,0.0,,3,C,,,4880.0,,,0,,,E,,ZS,,,,SHEET
344,,0.0,,3,C,,,0.0,,,0,,,E,,,,,,COIL
345,,0.0,,3,C,,,0.0,,,0,,,G,Y,,,,,COIL
346,,0.0,,3,C,,,762.0,,,0,,,E,,,,,,SHEET
347,,0.0,,3,C,,,0.0,M,,0,,,E,,,,,,COIL
348,,0.0,,3,C,,,4880.0,,,0,,,E,,,,,,SHEET
349,,0.0,,3,C,,,4880.0,,,0,,,G,,,,,,SHEET
350,,0.0,,3,C,,,0.0,,,0,,,G,,,,,,COIL
351,,0.0,,3,C,,,0.0,,,0,,,G,,,,,,COIL
352,,0.0,,2,C,,,4170.0,,,0,,,,,,,,,SHEET
353,,0.0,,5,C,,,762.0,,,0,Y,,,,TN,,,,SHEET
354,,0.0,,3,C,,,4880.0,B,,0,,,D,,,,,,SHEET
355,,0.0,,3,C,,,0.0,,,0,,,E,,,Y,,,COIL
356,,0.0,,3,C,,,0.0,,,0,,,G,,,,,,COIL
357,,0.0,,3,C,,,762.0,B,,0,,,G,,,,,,SHEET
358,,0.0,,U,C,,,611.0,,,0,,,E,Y,ZS,,,,SHEET
359,,0.0,,3,C,,,0.0,M,,0,,,G,,,,,,COIL
360,,0.0,,U,C,,,0.0,M,,500,,,G,,,,,,COIL
361,,0.0,,3,C,,,0.0,,,0,,,F,,,,,,SHEET
362,,0.0,,3,C,,,0.0,M,,0,,,,,,,,,COIL
363,,0.0,,3,C,,,0.0,M,,600,,,E,Y,,,,,COIL
364,,300.0,,1,C,,,0.0,,,0,,,,,ZS,,,Y,COIL
365,,0.0,,3,C,,,0.0,,,0,,,E,Y,,,,,COIL
366,,0.0,,U,C,,,0.0,M,,600,,,G,,,Y,,,COIL
367,,0.0,,3,C,,,762.0,,,0,,,F,,,,,,SHEET
368,,0.0,,3,C,,,0.0,B,,0,,,E,,,,,,COIL
369,,0.0,,5,C,,,762.0,,,0,Y,,,,TN,,,,SHEET
370,,0.0,,3,C,,,0.0,,,0,,,E,,,Y,,,COIL
371,,0.0,,U,C,,,0.0,,,0,,,E,Y,ZS,,,,SHEET
372,,0.0,,3,C,,,0.0,M,,500,,,,Y,,,,,COIL
373,,0.0,,5,C,,,612.0,,,0,Y,,,,TN,,,,SHEET
374,,0.0,,2,C,,,612.0,,,0,,,,,,,,,SHEET
375,,0.0,,2,C,,,4880.0,,,0,,,,,,,,,SHEET
376,,0.0,,3,C,,,0.0,,,0,,,G,,,,,,COIL
377,,0.0,,3,C,,,0.0,,,0,,,E,,,,,,COIL
378,,0.0,,3,C,,,0.0,M,,0,,,E,,,,,,COIL
379,,0.0,,3,C,,,762.0,B,,0,,,G,,,,,,SHEET
380,,0.0,,3,C,,,4880.0,B,,0,,,F,,,,,,SHEET
381,,0.0,,3,C,,,612.0,B,,0,,,E,,,,,,SHEET
382,,0.0,,3,C,,,762.0,,,0,,,G,,,,,,SHEET
383,,0.0,,3,C,,,0.0,,,0,,,E,,,,,,COIL
384,,0.0,,3,C,,,0.0,,,0,,,E,,,,,,COIL
385,,0.0,,U,C,,,0.0,,,0,,,G,,,,Y,,COIL
386,,0.0,,3,C,,,762.0,,,0,,,D,,,,,,SHEET
387,,0.0,,2,C,,,0.0,,,0,,,,,,,,,COIL
388,,0.0,,3,C,,,0.0,,,0,,,D,,,,N,,COIL
389,,350.0,,3,C,,,0.0,,,0,,,G,,,,,,COIL
390,,0.0,,3,C,,,0.0,,,0,,,,,,,,,COIL
391,,0.0,,3,C,,,4880.0,B,,0,,,D,,,,,,SHEET
392,,0.0,,3,C,,,612.0,B,,0,,,E,,,,,,SHEET
393,,0.0,,3,C,,,0.0,,,0,,,,,,Y,,,COIL
394,,0.0,,2,C,,,612.0,,,0,,,,,,,,,SHEET
395,,0.0,,2,C,,2,0.0,,,0,,,,,,,,,COIL
396,,0.0,,3,C,,,0.0,,,0,,,,,,,,,COIL
397,,0.0,,3,C,,,4880.0,B,,0,,,F,,,,,,SHEET
398,,0.0,,3,C,,,4880.0,,,0,,,E,,,,,,SHEET
399,,0.0,,2,C,,,612.0,,,0,,,,,,,,,SHEET
400,,0.0,,3,C,,,762.0,,,0,,,,,,,,,SHEET
401,,0.0,,3,C,,,762.0,,,0,,,F,,,,,,SHEET
402,,350.0,,3,C,,,0.0,,,0,,,G,Y,,,,,COIL
403,,0.0,,2,C,,,4880.0,,,0,,,,Y,,,,,SHEET
404,,0.0,,3,C,,,0.0,,,0,,,E,,ZS,,,,COIL
405,,0.0,,2,C,,,612.0,,,0,,,,,,,,,SHEET
406,,700.0,,1,C,,,0.0,,,0,,,,,,,,,COIL
407,,600.0,,2,C,,,1220.0,,,0,,,G,,,,,,SHEET
408,,0.0,,3,C,,,0.0,,,0,,,E,,,,,,COIL
409,,600.0,,2,C,,,0.0,,,0,,,G,,,,,,COIL
410,,0.0,,3,C,,,0.0,,,0,,,E,,,,,,COIL
411,,500.0,,2,C,,,301.0,,,0,,,,,,,,,SHEET
412,,0.0,,U,C,,,0.0,,,0,,,G,,,,Y,,COIL
413,,0.0,,5,C,,,0.0,,,0,Y,,,,TN,,,,COIL
414,,0.0,,3,C,,,762.0,,,0,,,E,,,,Y,,SHEET
415,,0.0,,3,C,,,761.0,,,0,,,D,,,,,,SHEET
416,,310.0,,3,C,,,762.0,,,0,,,G,,,,,,SHEET
417,,0.0,,3,C,,,0.0,,,0,,,E,Y,,,,,COIL
418,,0.0,,3,C,,,0.0,,,0,,,,,,,,,COIL
419,,0.0,,3,C,,,0.0,,,0,,,,,,,,,COIL
420,,500.0,,3,C,,,0.0,,,0,,,G,,,,,,COIL
421,,0.0,,2,C,,2,762.0,,,0,,,,,,,,,SHEET
422,,0.0,,3,C,,,4880.0,,,0,,,E,,,,,,SHEET
423,,0.0,,3,C,,,0.0,,,0,,,G,,,,,,COIL
424,,0.0,,3,C,,,612.0,,,0,,,E,,ZS,,,,SHEET
425,,0.0,,3,C,,,762.0,,,0,,,E,,,,Y,,SHEET
426,,0.0,,3,C,,,761.0,B,,0,,,D,,,,,,SHEET
427,,0.0,,3,C,,,0.0,,,0,,,,,,,,,COIL
428,,0.0,,3,C,,,269.0,B,,0,,,G,,,,,,SHEET
429,,0.0,,U,C,,,150.0,,,0,,,E,Y,ZS,,,,SHEET
430,,0.0,,3,C,,,762.0,,,0,,,G,,,,N,,SHEET
431,,0.0,,2,C,,,881.0,,,0,,,,,,,,,SHEET
432,,0.0,,3,C,,,0.0,,,0,,,G,,ZS,,,,COIL
433,,0.0,,3,C,,,0.0,,,0,,,E,,,,,,COIL
434,,310.0,,3,C,,,4880.0,,,0,,,G,,,,,,SHEET
435,,0.0,,3,C,,,4880.0,,,0,,,F,,,,,,SHEET
436,,0.0,,3,C,,,762.0,B,,0,,,E,,,,,,SHEET
437,,0.0,,3,C,,,0.0,M,,0,,,,,,,,,COIL
438,,0.0,,3,C,,,0.0,,,0,,,E,,ZS,,,,COIL
439,,0.0,,2,C,,,3000.0,,,0,,,,,,,,,SHEET
440,,350.0,,3,C,,,0.0,M,,0,,,G,Y,,,,,COIL
441,,0.0,,2,C,,,762.0,,,0,,,,Y,,,,,SHEET
442,,0.0,,3,C,,,0.0,M,,600,,,E,Y,,,,,COIL
443,,0.0,,5,C,,,762.0,,,0,,,,,TN,,,,SHEET
444,,0.0,,3,C,,,0.0,,,600,,,G,,,Y,,,COIL
445,,0.0,,3,C,,,0.0,B,,0,,,G,,,,,,COIL
446,,0.0,,2,C,,,612.0,,,0,,,,,,,,,SHEET
447,,0.0,,3,C,,,4170.0,,,0,,,E,,,,,,SHEET
448,,0.0,,3,C,,,0.0,,,0,,,E,,,Y,,,COIL
449,,0.0,,3,C,,,4880.0,,,0,,,E,,,,,,SHEET
450,,0.0,,3,C,,,4880.0,,,0,,,G,,,,N,,SHEET
451,,0.0,,3,C,,,762.0,,,0,,,E,,,,,,SHEET
452,,0.0,,3,C,,,762.0,,,0,,,E,,,,,,SHEET
453,,0.0,,U,C,,,612.0,,,0,,,G,,,,Y,,SHEET
454,,500.0,,3,C,,,0.0,,,0,,,G,,,,,,COIL
455,,0.0,,2,C,,,4170.0,,,0,,,,,,,,,SHEET
456,,0.0,,3,C,,,0.0,,,0,,,G,,,,,,COIL
457,,0.0,,2,C,,,762.0,B,,0,,,,,,,,,SHEET
458,,0.0,,5,C,,,300.0,,,0,Y,,,,TN,,,,SHEET
459,,0.0,,5,C,,,0.0,,,0,Y,,,,TN,,,,COIL
460,,0.0,,3,C,,,762.0,,,0,,,E,,,,Y,,SHEET
461,,0.0,,3,C,,,0.0,,,600,,,G,Y,,,,,COIL
462,,0.0,,3,C,,,0.0,,,0,,,E,,ZS,,,,COIL
463,,0.0,,2,C,,,4170.0,,,0,,,,,,,,,SHEET
464,,0.0,,3,C,,,761.0,B,,0,,,E,,,,,,SHEET
465,,0.0,,3,C,,,4880.0,,,0,,,E,,,,,,SHEET
466,,0.0,,3,C,,,762.0,,,0,,,F,,,,,,SHEET
467,,0.0,,3,C,,,0.0,B,,0,,,G,,,,,,COIL
468,,0.0,,3,C,,,0.0,M,,600,,,E,,,,,,COIL
469,,0.0,,3,C,,,4880.0,B,,0,,,F,,,,,,SHEET
470,,0.0,,3,C,,,0.0,,,0,,,G,,,,,,COIL
471,,0.0,,3,C,,,0.0,,,0,,,E,,,,,,COIL
472,,0.0,,3,C,,,0.0,,,0,,,G,,,,,,COIL
473,,0.0,,3,C,,,612.0,,,0,,,E,,,,,,SHEET
474,,0.0,,3,C,,,4170.0,B,,0,,,F,,,,,,SHEET
475,,0.0,,3,C,,,0.0,,,0,,,G,,,Y,,,COIL
476,,0.0,,3,C,,,0.0,,,0,,,G,,,,,,COIL
477,,0.0,,3,C,,,0.0,,,0,,,D,,,,,,COIL
478,,0.0,,3,C,,,0.0,M,,0,,,G,,,,,,COIL
479,,0.0,,3,C,,,0.0,,,600,,,G,,,Y,,,COIL
480,,0.0,,3,C,,,0.0,M,,0,,,,Y,,,,,COIL
481,,0.0,,3,C,,,0.0,,,0,,,G,,,,,,COIL
482,,0.0,,3,C,,,0.0,B,,0,,,E,,,,,,COIL
483,,0.0,,3,C,,,614.0,,,0,,,G,,,,,,SHEET
484,,0.0,,3,C,,,4880.0,,,0,,,E,,,,,,SHEET
485,,0.0,,5,C,,,0.0,,,0,,,,,TN,,,,COIL
486,,0.0,,3,C,,,0.0,,,0,,,,,,,,,COIL
487,,0.0,,3,C,,,0.0,M,,0,,,,Y,,Y,,,COIL
488,,0.0,,3,C,,,0.0,,,0,,,,,,,,,COIL
489,,0.0,,3,C,,,762.0,,,0,,,E,,,,N,,SHEET
490,,0.0,,3,C,,,0.0,,,0,,,G,,ZS,,,,COIL
491,,0.0,,3,C,,,0.0,,,0,,,E,,ZS,,,,COIL
492,,0.0,,3,C,,,762.0,,,0,,,E,,,,Y,,SHEET
493,,310.0,,3,C,,,4880.0,,,0,,,G,,,,,,SHEET
494,,0.0,,U,C,,,762.0,,,0,,,E,Y,ZS,,,,SHEET
495,,0.0,,3,C,,,759.0,,,0,,,D,,,,,,SHEET
496,,0.0,,3,C,,,3000.0,,,0,,,D,,,,,,SHEET
497,,0.0,,U,C,,,4880.0,,,0,,,G,,,,,,SHEET
498,,0.0,,3,C,,,0.0,,,0,,,E,,,,,,COIL
499,,0.0,,5,C,,,3000.0,,,0,Y,,,,TN,,,,SHEET
500,,0.0,,3,C,,,4880.0,B,,0,,,E,,ZS,,,,SHEET
501,,0.0,,3,C,,,762.0,B,,0,,,E,,,,,,SHEET
502,,0.0,,5,C,,,612.0,,,0,,,,,TN,,,,SHEET
503,,0.0,,3,C,,,4880.0,,,0,,,E,,,,,,SHEET
504,,0.0,,3,C,,,762.0,,,0,,,G,,,,,,SHEET
505,,0.0,,3,C,,,0.0,,,0,,,E,,,,,,COIL
506,,0.0,,U,C,,,150.0,,,0,,,E,Y,ZS,,,,SHEET
507,,0.0,,U,C,,,0.0,,,0,,,G,,,,,,COIL
508,,0.0,,3,C,,,4170.0,B,,0,,,E,,,,,,SHEET
509,,0.0,,2,C,,,4880.0,B,,0,,,,,,,,,SHEET
510,,0.0,,3,C,,,0.0,B,,0,,,E,,,,,,COIL
511,,0.0,,3,C,,,0.0,,,0,,,E,,,,,,COIL
512,,0.0,,3,C,,,762.0,B,,0,,,G,,,,,,SHEET
513,,0.0,,3,C,,,4170.0,,,0,,,E,,,,,,SHEET
514,,0.0,,3,C,,,4880.0,B,,0,,,F,,,,,,SHEET
515,,0.0,,3,C,,,0.0,,,0,,,G,Y,,,,,COIL
516,,0.0,,3,C,,,4880.0,,,0,,,F,,,,,,SHEET
517,,0.0,,3,C,,,762.0,,,0,,,E,,,,,,SHEET
518,,0.0,,3,C,,,4880.0,,,0,,,E,,,,,,SHEET
519,,0.0,,5,C,,,762.0,,,0,,,,,TN,,,,SHEET
520,,0.0,,3,C,,,0.0,,,0,,,E,,,,,,COIL
521,,0.0,,3,C,,,762.0,,,0,,,D,,,,,,SHEET
522,,0.0,,3,C,,,0.0,,,0,,,E,,,,,,COIL
523,,0.0,,3,C,,,0.0,M,,500,,,,,,,,,COIL
524,,0.0,,3,C,,,4880.0,,,0,,,E,,,,Y,,SHEET
525,,0.0,,3,C,,,762.0,B,,0,,,G,,,,,,SHEET
526,,0.0,,2,C,,,4880.0,,,0,,,,Y,,,,,SHEET
527,,0.0,,U,C,,,0.0,,,0,,,G,,,,,,COIL
528,,310.0,,3,C,,,0.0,,,0,,,G,,,,,,COIL
529,,0.0,,3,C,,,762.0,,,0,,,F,,,,,,SHEET
530,,0.0,,5,C,,,0.0,,,0,Y,,,,TN,,,,COIL
531,,0.0,,3,C,,,0.0,,,0,,,G,,,Y,,,COIL
532,,0.0,,3,C,,,150.0,B,,0,,,E,,,,,,SHEET
533,,0.0,,3,C,,1,0.0,,,0,,,,,,,,,COIL
534,,0.0,,3,C,,,0.0,M,,0,,,,Y,,,,,COIL
535,,500.0,,3,C,,,0.0,,,0,,,G,,,,,,COIL
536,,0.0,,3,C,,,762.0,,,0,,,E,,,,,,SHEET
537,,0.0,,3,C,,,4120.0,B,,0,,,G,,,,Y,,SHEET
538,,0.0,,3,C,,,0.0,M,,0,,,,,,,,,COIL
539,,0.0,,3,C,,,762.0,,,0,,,E,,,,,,SHEET
540,,0.0,,2,C,,,4170.0,,,0,,,,,,,,,SHEET
541,,0.0,,3,C,,,0.0,,,0,,,,,,Y,,,COIL
542,,0.0,,3,C,,,0.0,M,,500,,,,,,,,,COIL
543,,0.0,,2,C,,,612.0,,,0,,,,,,,,,SHEET
544,,0.0,,2,C,,,762.0,,,0,,,,,,,,,SHEET
545,,0.0,,3,C,,,762.0,,,0,,,F,,,,,,SHEET
546,,0.0,,3,C,,,0.0,,,0,,,E,,ZS,,,,COIL
547,,0.0,,5,C,,,0.0,B,,0,,,,,TN,,,,COIL
548,,0.0,,2,C,,2,4880.0,,,0,,,,,,,,,SHEET
549,,0.0,,3,C,,,762.0,B,,0,,,E,,,,,,SHEET
550,,0.0,,3,C,,,762.0,,,0,,,E,,,,,,SHEET
551,,0.0,,5,C,,,612.0,,,0,,,,,TN,,,,SHEET
552,,0.0,,3,C,,,4880.0,,,0,,,D,,,,N,,SHEET
553,,0.0,,3,C,,,762.0,B,,0,,,F,,,,,,SHEET
554,,0.0,,3,C,,,0.0,,,0,,,E,,ZS,,,,COIL
555,,0.0,,2,C,,,0.0,,,0,,,,,,,,,COIL
556,,0.0,,3,C,,,0.0,,,0,,,E,,,,,,COIL
557,,0.0,,3,C,,,0.0,,,0,,,E,,,,,,COIL
558,,0.0,,2,C,,,762.0,,,0,,,,,,,,,SHEET
559,,310.0,,3,C,,,762.0,,,0,,,G,,,,,,SHEET
560,,0.0,,3,C,,,4170.0,,,0,,,G,,,,,,SHEET
561,,0.0,,3,C,,,0.0,,,0,,,E,,ZS,,,,COIL
562,,0.0,,3,C,,,0.0,,,0,,,,,,,,,COIL
563,,0.0,,3,C,,,762.0,,,0,,,,,,,,,SHEET
564,,0.0,,3,C,,,762.0,B,,0,,,E,,,,,,SHEET
565,,0.0,,3,C,,,0.0,M,,600,,,,,,,,,COIL
566,,0.0,,3,C,,,0.0,,,0,,,E,,,,N,,COIL
567,,0.0,,5,C,,,1.0,,,0,,,,,TN,,,,SHEET
568,,0.0,,3,C,,,612.0,B,,0,,,E,,,,,,SHEET
569,,0.0,,3,C,,,0.0,,,0,,,E,,ZS,,,,COIL
570,,0.0,,3,C,,,0.0,,,0,,,E,,ZS,,,,COIL
571,,500.0,,2,C,,,301.0,,,0,,,,,,,,,SHEET
572,,0.0,,3,C,,,762.0,B,,0,,,E,,,,,,SHEET
573,,0.0,,3,C,,,4880.0,B,,0,,,G,,,,,,SHEET
574,,0.0,,3,C,,,0.0,,,0,,,E,,,,,,COIL
575,,0.0,,3,C,,,4880.0,B,,0,,,G,,,,,,SHEET
576,,0.0,,3,C,,,4880.0,B,,0,,,E,,,,,,SHEET
577,,0.0,,U,C,,,611.0,,,0,,,E,Y,ZS,,,,SHEET
578,,0.0,,3,C,,,0.0,,,0,,,G,,,,,,COIL
579,,0.0,,3,C,,,0.0,,,0,,,G,,,Y,,,COIL
580,,0.0,,3,C,,,762.0,B,,0,,,F,,,,,,SHEET
581,,0.0,,3,C,,,0.0,,,0,,,E,,,,,,COIL
582,,0.0,,3,C,,,762.0,B,,0,,,G,,,,,,SHEET
583,,310.0,,3,C,,,762.0,,,0,,,G,,,,,,SHEET
584,,0.0,,3,C,,,612.0,B,,0,,,E,,,,,,SHEET
585,,0.0,,3,C,,,0.0,,,0,,,,,,,,,COIL
586,,500.0,,2,C,,,301.0,,,0,,,,,,,,,SHEET
587,,0.0,,3,C,,,0.0,,,0,,,G,,,,,,COIL
588,,500.0,,2,C,,,762.0,,,0,,,,,,,,,SHEET
589,,0.0,,3,C,,,301.0,B,,0,,,F,,,,,,SHEET
590,,0.0,,3,C,,,0.0,,,0,,,E,,,,,,COIL
591,,0.0,,3,C,,,0.0,,,0,,,D,,,,,,COIL
592,,0.0,,U,C,,,0.0,,,0,,,G,,,,,,COIL
593,,0.0,,3,C,,,762.0,,,0,,,F,,,,,,SHEET
594,,0.0,,3,C,,,0.0,,,0,,,,,,,,,COIL
595,,0.0,,3,C,,,4170.0,B,,0,,,E,,,,,,SHEET
596,,0.0,,3,C,,,4880.0,B,,0,,,E,,,,,,SHEET
597,,0.0,,3,C,,,0.0,,,0,,,G,,,Y,,,COIL
598,,0.0,,3,C,,,762.0,,,0,,,E,,,,,,SHEET
599,,0.0,,2,C,,,761.0,,,0,,,,,,,,,SHEET
600,,0.0,,3,C,,,0.0,,,0,,,,,,Y,,,COIL
601,,0.0,,3,C,,,0.0,,,0,,,E,,,,,,COIL
602,,0.0,,3,C,,,762.0,B,,0,,,F,,,,,,SHEET
603,,0.0,,3,C,,,762.0,B,,0,,,D,,,,,,SHEET
604,,0.0,,3,C,,,762.0,,,0,,,G,,,,N,,SHEET
605,,0.0,,5,C,,,4880.0,,,0,Y,,,,TN,,,,SHEET
606,,0.0,,3,C,,,0.0,,,0,,,G,,,,,,COIL
607,,0.0,,3,C,,,0.0,,,0,,,G,,ZS,,,,COIL
608,,0.0,,3,C,,,0.0,M,,600,,,,Y,,Y,,,COIL
609,,0.0,,5,C,,,0.0,,,0,Y,,,,TN,,,,COIL
610,,0.0,,3,C,,,762.0,,,0,,,E,,,,,,SHEET
611,,0.0,,5,C,,,0.0,,,0,,,,,TN,,,,COIL
612,,0.0,,3,C,,,0.0,,,0,,,G,,,,,,COIL
613,,0.0,,3,C,,,0.0,,,0,,,E,,,,,,COIL
614,,0.0,,3,C,,,762.0,,,0,,,G,,,,Y,,SHEET
615,,0.0,,U,C,,,0.0,,,0,,,G,,,,,,COIL
616,,0.0,,3,C,,,762.0,B,,0,,,E,,,,,,SHEET
617,,0.0,,3,C,,,761.0,,,0,,,F,,,,,,SHEET
618,,0.0,,3,C,,,0.0,,,0,,,G,,,Y,,,COIL
619,,0.0,,3,C,,,0.0,,,0,,,G,,,,,,COIL
620,,0.0,,3,C,,,4170.0,B,,0,,,G,,,,,,SHEET
621,,0.0,,3,C,,,761.0,B,,0,,,D,,,,,,SHEET
622,,0.0,,3,C,,,150.0,B,,0,,,E,,,,,,SHEET
623,,0.0,,3,C,,,762.0,,,0,,,E,,,Y,,,SHEET
624,,0.0,,3,C,,,761.0,,,0,,,G,,,,,,SHEET
625,,0.0,,U,C,,,0.0,M,,600,,,G,,,Y,,,COIL
626,,0.0,,3,C,,,4880.0,,,0,,,,,,,,,SHEET
627,,0.0,,3,C,,,4880.0,,,0,,,D,,,,,,SHEET
628,,0.0,,2,C,,,762.0,,,0,,,,,,,,,SHEET
629,,0.0,,3,C,,,0.0,,,0,,,G,Y,,Y,,,COIL
630,,0.0,,3,C,,,762.0,,,0,,,E,,,,Y,,SHEET
631,,0.0,,3,C,,,0.0,,,0,,,G,,,,,,COIL
632,,310.0,,3,C,,,762.0,,,0,,,G,,,,,,SHEET
633,,0.0,,2,C,,,762.0,,,0,,,,,,,,,SHEET
634,,310.0,,3,C,,,0.0,,,0,,,G,,,,,,COIL
635,,0.0,,3,C,,,4880.0,,,0,,,F,,,,,,SHEET
636,,0.0,,3,C,,,759.0,,,0,,,D,,,,,,SHEET
637,,0.0,,2,C,,,881.0,,,0,,,,,,,,,SHEET
638,,0.0,,3,C,,,0.0,,,0,,,E,,,,,,COIL
639,,0.0,,3,C,,,0.0,,,600,,,G,,,,,,COIL
640,,0.0,,2,C,,,0.0,,,0,,,,,,,,,COIL
641,,0.0,,3,C,,,4170.0,,,0,,,G,,,,,,SHEET
642,,0.0,,3,C,,,4880.0,,,0,,,E,,,,,,SHEET
643,,0.0,,3,C,,,0.0,,,500,,,G,Y,,,,,COIL
644,,0.0,,3,C,,,4880.0,,,0,,,D,,,,N,,SHEET
645,,0.0,,3,C,,,762.0,,,0,,,E,,,,Y,,SHEET
646,,600.0,,2,C,,,1220.0,,,0,,,G,Y,,,,,SHEET
647,,0.0,,3,C,,,4880.0,B,,0,,,F,,,,,,SHEET
648,,0.0,,5,C,,,762.0,B,,0,Y,,,,TN,,,,SHEET
649,,0.0,,3,C,,,761.0,,,0,,,E,,,,,,SHEET
650,,0.0,,3,C,,,612.0,,,0,,,G,,,,,,SHEET
651,,0.0,,3,C,,,762.0,,,0,,,E,,,,,,SHEET
652,,0.0,,3,C,,,4880.0,,,0,,,D,,,,N,,SHEET
653,,0.0,,3,C,,,0.0,,,0,,,E,,ZS,,,,COIL
654,,310.0,,3,C,,,762.0,,,0,,,G,,,,,,SHEET
655,,0.0,,3,C,,,611.0,B,,0,,,E,,,,,,SHEET
656,,0.0,,2,C,,,1.0,,,0,,,,,,,,,SHEET
657,,0.0,,3,C,,,270.0,B,,0,,,G,,,,,,SHEET
658,,0.0,,3,C,,,0.0,,,0,,,G,,,,,,COIL
659,,0.0,,3,C,,,0.0,,,0,,,F,,,,,,SHEET
660,,0.0,,3,C,,,300.0,B,,0,,,D,,,,,,SHEET
661,,0.0,,3,C,,,0.0,,,0,,,D,,,,N,,COIL
662,,600.0,,2,C,,,3000.0,,,0,,,G,Y,,,,,SHEET
663,,0.0,,3,C,,,0.0,M,,600,,,G,,,,,,COIL
664,,0.0,,3,C,,,0.0,M,,600,,,,Y,,,,,COIL
665,,0.0,,3,C,,,4880.0,,,0,,,,,,,,,SHEET
666,,0.0,,5,C,,,4880.0,B,,0,Y,,,,TN,,,,SHEET
667,,0.0,,3,C,,,4170.0,,,0,,,E,,,,,,SHEET
668,,0.0,,3,C,,,4880.0,,,0,,,E,,,,,,SHEET
669,,0.0,,3,C,,,762.0,,,0,,,G,,,,,,SHEET
670,,0.0,,5,C,,,0.0,,,0,,,,,TN,,,,COIL
671,,0.0,,3,C,,,4880.0,B,,0,,,E,,ZS,,,,SHEET
672,,0.0,,3,C,,,0.0,,,0,,,G,,,,,,COIL
673,,0.0,,3,C,,,4880.0,,,0,,,E,,,,N,,SHEET
674,,0.0,,3,C,,,0.0,,,0,,,G,,,Y,,,COIL
675,,0.0,,3,C,,,762.0,B,,0,,,F,,,,,,SHEET
676,,0.0,,2,C,,,762.0,,,0,,,,,,,,,SHEET
677,,0.0,,3,C,,,4880.0,,,0,,,E,,ZS,,,,SHEET
678,,0.0,,3,C,,,0.0,,,0,,,E,,,,,,COIL
679,,0.0,,3,C,,,0.0,,,0,,,G,,,,,,COIL
680,,0.0,,U,C,,,0.0,,,0,,,G,,,,,,COIL
681,,0.0,,5,C,,,0.0,,,0,Y,,,,TN,,,,COIL
682,,600.0,,2,C,,,4880.0,,,0,,,,,,,,,SHEET
683,,0.0,,3,C,,,760.0,,,0,,,D,,,,N,,SHEET
684,,0.0,,3,C,,,0.0,M,,600,,,,,,,,,COIL
685,,0.0,,3,C,,,0.0,,,0,,,G,,,,,,COIL
686,,0.0,,3,C,,,0.0,,,0,,,G,,,Y,,,COIL
687,,0.0,,3,C,,,4880.0,,,0,,,E,,,,Y,,SHEET
688,,0.0,,3,C,,,762.0,,,0,,,E,,,,,,SHEET
689,,0.0,,2,C,,,4880.0,,,0,,,,,,,,,SHEET
690,,0.0,,3,C,,,0.0,,,0,,,E,,ZS,,,,COIL
691,,0.0,,3,C,,,761.0,B,,0,,,E,,,,,,SHEET
692,,0.0,,2,C,,,0.0,B,,0,,,,,,,,,COIL
693,,0.0,,5,C,,,761.0,,,0,Y,,,,TN,,,,SHEET
694,,0.0,,3,C,,,4880.0,,,0,,,F,,,,,,SHEET
695,,0.0,,2,C,,,4170.0,B,,0,,,,,,,,,SHEET
696,,0.0,,3,C,,,0.0,,,0,,,E,,,,,,COIL
697,,0.0,,3,C,,,0.0,,,0,,,,,,,,,COIL
698,,0.0,,3,C,,,0.0,,,0,,,G,,,Y,,,COIL
699,,0.0,,3,C,,,4880.0,,,0,,,E,,,,Y,,SHEET
700,,0.0,,5,C,,,0.0,B,,0,,,,,TN,,,,COIL
701,,0.0,,3,C,,,0.0,,,0,,,E,,,Y,,,COIL
702,,0.0,,3,C,,,0.0,,,600,,,G,,,,,,COIL
703,,0.0,,5,C,,,762.0,B,,0,Y,,,,TN,,,,SHEET
704,,0.0,,3,C,,,762.0,B,,0,,,E,,ZS,,,,SHEET
705,,0.0,,3,C,,,0.0,,,0,,,G,Y,,,,,COIL
706,,0.0,,5,C,,,0.0,,,0,,,,,TN,,,,COIL
707,,0.0,,2,C,,,762.0,B,,0,,,,,,,,,SHEET
708,,0.0,,5,C,,,612.0,,,0,Y,,,,TN,,,,SHEET
709,,0.0,,3,C,,,761.0,,,0,,,D,,,,,,SHEET
710,,0.0,,3,C,,,762.0,,,0,,,E,,,,Y,,SHEET
711,,0.0,,3,C,,,150.0,B,,0,,,E,,,,,,SHEET
712,,500.0,,3,C,,,0.0,,,0,,,G,,,,,,COIL
713,,0.0,,3,C,,,0.0,,,0,,,G,Y,,,,,COIL
714,,0.0,,2,C,,,0.0,,,0,,,,,,,,,COIL
715,,0.0,,3,C,,,0.0,,,0,,,G,,,,,,COIL
716,,0.0,,3,C,,,0.0,,,0,,,G,,ZS,,,,COIL
717,,0.0,,3,C,,,762.0,B,,0,,,E,,,,,,SHEET
718,,0.0,,3,C,,,0.0,,,0,,,D,,,,,,COIL
719,,0.0,,3,C,,,762.0,,,0,,,E,,ZS,,,,SHEET
720,,0.0,,U,C,,,0.0,,,0,,,E,,ZS,,,,COIL
721,,310.0,,3,C,,,4880.0,,,0,,,G,,,,,,SHEET
722,,0.0,,3,C,,,4880.0,,,0,,,D,,,,,,SHEET
723,,0.0,Y,3,C,,,0.0,,,0,,,E,,,,,,COIL
724,,0.0,,3,C,,,762.0,B,,0,,,E,,,,,,SHEET
725,,0.0,,3,C,,,0.0,,,0,,,D,,,,,,COIL
726,,0.0,,2,C,,,0.0,,,0,,,,,,,,,COIL
727,,0.0,,3,C,,,0.0,,,0,,,,,,Y,,,COIL
728,,500.0,,2,C,,,4880.0,,,0,,,,,,,,,SHEET
729,,0.0,,3,C,,,612.0,B,,0,,,E,,,,,,SHEET
730,,0.0,,3,C,,,0.0,,,0,,,G,Y,,,,,COIL
731,,0.0,,U,C,,,4880.0,,,0,,,G,,,,,,SHEET
732,,0.0,,3,C,,,762.0,,,0,,,,,,,,,SHEET
733,,0.0,,3,C,,,0.0,,,0,,,G,,,Y,,,COIL
734,,0.0,,2,C,,,612.0,,,0,,,,,,,,,SHEET
735,,0.0,,3,C,,,4880.0,,,0,,,D,,,,,,SHEET
736,,0.0,,5,C,,,1.0,,,0,,,,,TN,,,,SHEET
737,,0.0,,3,C,,,762.0,,,0,,,G,,,,,,SHEET
738,,0.0,,3,C,,,762.0,,,0,,,E,,,,Y,,SHEET
739,,0.0,,3,C,,,4880.0,,,0,,,E,,,,,,SHEET
740,,0.0,,3,C,,,0.0,B,,0,,,E,,,,,,COIL
741,,0.0,,2,C,,,0.0,,,0,,,,,,,,,COIL
742,,0.0,,3,C,,,4880.0,B,,0,,,G,,,,,,SHEET
743,,0.0,,3,C,,,4880.0,,,0,,,G,,,,,,SHEET
744,,0.0,,3,C,,,0.0,B,,0,,,E,,,,,,COIL
745,,0.0,,3,C,,,0.0,,,0,,,E,,,,,,COIL
746,,0.0,,3,C,,1,0.0,,,0,,,,,,,,,COIL
747,,0.0,,3,C,,,612.0,B,,0,,,E,,,,,,SHEET
748,,0.0,,3,C,,,762.0,,,0,,,E,,,,,,SHEET
749,,0.0,,5,C,,,762.0,,,0,,,,,TN,,,,SHEET
750,,0.0,,3,C,,,0.0,M,,600,,,G,,,,,,COIL
751,,0.0,,3,C,,,0.0,,,0,,,G,,,,,,COIL
752,,0.0,,3,C,,,0.0,,,0,,,E,,ZS,,,,COIL
753,,0.0,,3,C,,,4880.0,M,,0,,,,,,,,,SHEET
754,,0.0,,3,C,,,4170.0,,,0,,,E,,ZS,,,,SHEET
755,,0.0,,3,C,,,762.0,,,0,,,E,,,,,,SHEET
756,,0.0,,3,C,,,762.0,B,,0,,,E,,,,,,SHEET
757,,0.0,,3,C,,,612.0,,,0,,,E,,,,,,SHEET
758,,0.0,,3,C,,,4880.0,,,0,,,E,,,,Y,,SHEET
759,,0.0,,3,C,,,4170.0,,,0,,,E,,,,,,SHEET
760,,0.0,,3,C,,,0.0,,,0,,,E,Y,,,,,COIL
761,,0.0,,3,C,,,4880.0,B,,0,,,D,,,,,,SHEET
762,,0.0,,3,C,,,762.0,B,,0,,,F,,,,,,SHEET
763,,0.0,,3,C,,,0.0,B,,0,,,E,,,,,,COIL
764,,0.0,,3,C,,,4170.0,B,,0,,,G,,,,,,SHEET
765,,0.0,,5,C,,,0.0,,,0,Y,,,,TN,,,,COIL
766,,0.0,,3,C,,,0.0,,,0,,,,,,,,,COIL
767,,0.0,,2,C,,,4170.0,,,0,,,,,,,,,SHEET
768,,0.0,,3,C,,,0.0,,,0,,,E,,,,,,COIL
769,,310.0,,3,C,,,0.0,,,600,,,G,,,,,,COIL
770,,0.0,,3,C,,,4170.0,B,,0,,,E,,,,,,SHEET
771,,0.0,,5,C,,,611.0,,,0,,,,,TN,,,,SHEET
772,,0.0,,3,C,,,4880.0,,,0,,,E,Y,,,,,SHEET
773,,0.0,,3,C,,,4880.0,,,0,,,F,,,,,,SHEET
774,,0.0,,3,C,,,4880.0,,,0,,,G,Y,,,,,SHEET
775,,0.0,,3,C,,,0.0,,,0,,,E,,,,N,,COIL
776,,0.0,,3,C,,,4880.0,,,0,,,G,,,,,,SHEET
777,,0.0,,2,C,,,4880.0,B,,0,,,,,,,,,SHEET
778,,0.0,,3,C,,,4880.0,,,0,,,E,,,,Y,,SHEET
779,,0.0,,3,C,,,762.0,,,0,,,G,,,,N,,SHEET
780,,0.0,,3,C,,,612.0,B,,0,,,E,,,,,,SHEET
781,,0.0,,3,C,,,0.0,,,0,,,G,,,,,,COIL
782,,0.0,,3,C,,,0.0,B,,0,,,E,,,,,,COIL
783,,0.0,,3,C,,,4880.0,B,,0,,,D,,,,,,SHEET
784,,0.0,,3,C,,,4880.0,,,0,,,E,,,,,,SHEET
785,,0.0,,3,C,,,0.0,,,0,,,E,,,Y,,,COIL
786,,0.0,,3,C,,,0.0,M,,600,,,,,,,,,COIL
787,,0.0,,3,C,,,762.0,,,0,,,E,,,,,,SHEET
788,,0.0,,2,C,,2,4880.0,,,0,,,,,,,,,SHEET
789,,0.0,,5,C,,,0.0,,,0,,,,,TN,,,,COIL
790,,0.0,,3,C,,,4880.0,,,0,,,E,,,,,,SHEET
791,,0.0,,3,C,,,0.0,M,,600,,,,,,,,,COIL
792,,0.0,,3,C,,,0.0,,,0,,,E,,,,,,COIL
793,,0.0,,3,C,,,0.0,,,0,,,G,,,Y,Y,,COIL
794,,0.0,,3,C,,,4880.0,,,0,,,G,,,,,,SHEET
795,,0.0,,3,C,,,0.0,B,,0,,,E,,,,,,COIL
796,,0.0,,3,C,,,4880.0,B,,0,,,G,,,,,,SHEET
797,,0.0,,2,C,,,4170.0,,,0,,,,,,,,,SHEET
798,,0.0,,3,C,,,0.0,,,0,,,D,,,,,,COIL
799,,0.0,,3,C,,,0.0,,,0,,,E,,,Y,,,COIL
800,,0.0,,U,C,,,762.0,,,0,,,E,Y,ZS,,,,SHEET
801,,0.0,,3,C,,,0.0,,,0,,,E,,ZS,,,,COIL
802,,0.0,,3,C,,,0.0,,,0,,,E,,,,,,COIL
803,,0.0,,5,C,,,0.0,,,0,,,,,TN,,,,COIL
804,,500.0,,2,C,,,301.0,,,0,,,,,,,,,SHEET
805,,0.0,,2,C,,,762.0,,,0,,,,Y,,,,,SHEET
806,,0.0,,3,C,,,4170.0,B,,0,,,E,,,,,,SHEET
807,,0.0,,3,C,,,762.0,,,0,,,E,,ZS,,,,SHEET
808,,0.0,,3,C,,,762.0,,,0,,,F,,,,,,SHEET
809,,0.0,,3,C,,,0.0,,,0,,,G,,,Y,,,COIL
810,,0.0,,3,C,,,0.0,,,0,,,E,,,,,,COIL
811,,0.0,,2,C,,,881.0,,,0,,,,,,,,,SHEET
812,,0.0,,3,C,,,4170.0,B,,0,,,E,,,,,,SHEET
813,,0.0,,3,C,,,0.0,M,,0,,,G,,,,,,COIL
814,,0.0,,3,C,,,0.0,,,0,,,G,,,,,,COIL
815,,0.0,,3,C,,,762.0,,,0,,,G,,,,Y,,SHEET
816,,0.0,,3,C,,,3000.0,,,0,,,D,,,,,,SHEET
817,,0.0,,3,C,,,4880.0,B,,0,,,E,,,,,,SHEET
818,,0.0,,3,C,,,0.0,,,0,,,G,,,Y,,,COIL
819,,0.0,,5,C,,,3000.0,,,0,Y,,,,TN,,,,SHEET
820,,0.0,,5,C,,,3000.0,,,0,,,,,TN,,,,SHEET
821,,0.0,,3,C,,,4880.0,,,0,,,E,,,,Y,,SHEET
822,,0.0,,3,C,,,301.0,,,0,,,F,,,,,,SHEET
823,,0.0,,3,C,,,0.0,B,,0,,,E,,,,,,COIL
824,,0.0,,3,C,,,0.0,,,0,,,D,,,,,,COIL
825,,0.0,,5,C,,,762.0,,,0,Y,,,,TN,,,,SHEET
826,,0.0,,3,C,,,0.0,,,0,,,G,,,,,,COIL
827,,0.0,,3,C,,1,762.0,,,0,,,,,,,,,SHEET
828,,0.0,,3,C,,,0.0,,,0,,,G,,,,,,COIL
829,,0.0,,3,C,,,4880.0,,,0,,,G,,,,,,SHEET
830,,350.0,,3,C,,,0.0,,,0,,,G,,,,,,COIL
831,,0.0,,3,C,,,4170.0,,,0,,,E,,,,,,SHEET
832,,0.0,,3,C,,,0.0,M,,600,,,,,,,,,COIL
833,,0.0,,3,C,,,612.0,,,0,,,E,,,,,,SHEET
834,,0.0,,3,C,,,0.0,,,0,,,E,,,,,,COIL
835,,0.0,,3,C,,,762.0,M,,0,,,,,,,,,SHEET
836,,0.0,,U,C,,,0.0,,,0,,,G,,,,Y,,COIL
837,,0.0,,3,C,,,0.0,M,,600,,,,Y,,,,,COIL
838,,0.0,,3,C,,,0.0,M,,0,,,,Y,,,,,COIL
839,,0.0,,3,C,,,4880.0,,,0,,,F,,,,,,SHEET
840,,0.0,,3,C,,,0.0,,,0,,,G,,,,,,COIL
841,,0.0,,3,C,,,4880.0,,,0,,,G,,,,Y,,SHEET
842,,0.0,,3,C,,,762.0,,,0,,,E,,,,,,SHEET
843,,0.0,,3,C,,,4880.0,,,0,,,F,,,,,,SHEET
844,,0.0,,3,C,,,762.0,,,0,,,F,,,,,,SHEET
845,,0.0,,3,C,,,762.0,,,0,,,G,,,,,,SHEET
846,,500.0,,3,C,,,0.0,,,0,,,,Y,,,,,COIL
847,,0.0,,3,C,,,4880.0,,,0,,,E,,,,N,,SHEET
848,,310.0,,3,C,,,762.0,,,0,,,G,,,,,,SHEET
849,,0.0,,3,C,,,0.0,,,0,,,G,,,,,,COIL
850,,0.0,,3,C,,,762.0,,,0,,,E,,,,,,SHEET
851,,0.0,,3,C,,,0.0,,,0,,,E,,ZS,,,,COIL
852,,0.0,,3,C,,,761.0,,,0,,,E,,,,,,SHEET
853,,0.0,,3,C,,,0.0,B,,0,,,G,,,,,,COIL
854,,0.0,,3,C,,,4170.0,,,0,,,E,,ZS,,,,SHEET
855,,0.0,,3,C,,,4880.0,,,0,,,E,,,,,,SHEET
856,,600.0,,2,C,,,1220.0,,,0,,,G,Y,,,,,SHEET
857,,0.0,,3,C,,,762.0,,,0,,,E,,,,,,SHEET
858,,0.0,,3,C,,,0.0,,,0,,,E,,,Y,,,COIL
859,,0.0,,3,C,,,0.0,,,0,,,E,,,,,,COIL
860,,0.0,,2,C,,,0.0,,,0,,,,,,,,,COIL
861,,350.0,,3,C,,,0.0,M,,0,,,G,Y,,,,,COIL
862,,0.0,,3,C,,,612.0,,,0,,,E,,,,,,SHEET
863,,0.0,,3,C,,,0.0,,,0,,,G,,,,,,COIL
864,,0.0,,3,C,,,4880.0,B,,0,,,G,,,,,,SHEET
865,,0.0,,3,C,,,0.0,,,0,,,,,,,,,COIL
866,,0.0,,2,C,,2,762.0,,,0,,,,,,,,,SHEET
867,,0.0,,3,C,,,0.0,,,0,,,E,Y,,,,,COIL
868,,0.0,,U,C,,,4880.0,,,0,,,E,Y,ZS,,,,SHEET
869,,0.0,,3,C,,,0.0,B,,0,,,F,,,,,,SHEET
870,,0.0,,U,C,,,4170.0,,,0,,,G,,,,Y,,SHEET
871,,0.0,,3,C,,,0.0,,,0,,,G,,,,,,COIL
872,,0.0,,3,C,,,762.0,B,,0,,,E,,,,,,SHEET
873,,0.0,,3,C,,,0.0,,,0,,,E,,ZS,,,,COIL
874,,0.0,,3,C,,,0.0,B,,0,,,D,,,,,,COIL
875,,310.0,,3,C,,,762.0,,,0,,,G,,,,,,SHEET
876,,0.0,,3,C,,,0.0,,,600,,,G,,,Y,,,COIL
877,,0.0,,3,C,,,0.0,M,,0,,,,,,,,,COIL
878,,0.0,,3,C,,,0.0,,,0,,,D,,,,,,COIL
879,,0.0,,3,C,,,762.0,,,0,,,F,,,,,,SHEET
880,,0.0,,2,C,,,4880.0,,,0,,,,,,,,,SHEET
881,,0.0,,3,C,,,0.0,,,0,,,G,,,Y,,,COIL
882,,0.0,,3,C,,,0.0,,,0,,,G,Y,,,,,COIL
883,,0.0,,3,C,,,612.0,,,0,,,E,,,,,,SHEET
884,,0.0,,3,C,,,762.0,B,,0,,,E,,ZS,,,,SHEET
885,,0.0,,3,C,,,0.0,,,0,,,,,,,,,COIL
886,,0.0,,3,C,,,4880.0,B,,0,,,G,,,,,,SHEET
887,,0.0,,3,C,,,0.0,,,0,,,E,,,,,,COIL
888,,0.0,,3,C,,,0.0,M,,500,,,,Y,,,,,COIL
889,,0.0,,5,C,,,3000.0,B,,0,Y,,,,TN,,,,SHEET
890,,0.0,,5,C,,,612.0,,,0,Y,,,,TN,,,,SHEET
891,,0.0,,2,C,,,4170.0,,,0,,,,,,,,,SHEET
892,,0.0,,5,C,,,1.0,,,0,,,,,TN,,,,SHEET
893,,0.0,,2,C,,,762.0,B,,0,,,,,,,,,SHEET
894,,0.0,,2,C,,,880.0,,,0,,,,,,,,,SHEET
895,,0.0,,2,C,,2,762.0,,,0,,,,,,,,,SHEET
896,,0.0,,U,C,,,0.0,,,0,,,G,,,,,,COIL
897,,0.0,,U,C,,,0.0,M,,500,,,G,Y,,,,,COIL
